{
  "fk_pos_mean": 3.621774025261439e-16,
  "fk_pos_max": 8.456345477515572e-16,
  "fk_rot_mean": 2.1934806035066222e-15,
  "fk_rot_max": 2.8769561221886204e-15,
  "L": 0.9477681130413926,
  "NW": 948,
  "helix_cx": 0.4,
  "helix_cy": 0.0,
  "helix_z0": 0.3,
  "helix_r": 0.15,
  "helix_h": 0.1,
  "nn_pos_mean_mm": 0.00010798970138421333,
  "nn_pos_max_mm": 0.002217178240145498,
  "nn_ori_mean_deg": 0.302495494833222,
  "nn_ori_max_deg": 12.501021328021867,
  "nn_ss_pos_mean_mm": 0.00011399997346353923,
  "nn_ss_pos_max_mm": 0.002217178240145498,
  "nn_ss_ori_mean_deg": 0.0002544573828940132,
  "nn_ss_ori_max_deg": 0.0029182113768659603,
  "ns_pos_mean_mm": 0.08165359873847293,
  "ns_pos_max_mm": 76.96058292400778,
  "ns_ori_mean_deg": 1.8859125888346555,
  "ns_ori_max_deg": 28.018814793462408,
  "ns_ss_pos_mean_mm": 0.086153469193268,
  "ns_ss_pos_max_mm": 76.96058292400778,
  "ns_ss_ori_mean_deg": 0.676901070383399,
  "ns_ss_ori_max_deg": 18.5250392242901,
  "ns_alpha": 0.5,
  "dl_pos_mean_mm": 0.00010798990848399032,
  "dl_pos_max_mm": 0.002217178240145498,
  "dl_ori_mean_deg": 0.30249549483454785,
  "dl_ori_max_deg": 12.501021328021855,
  "dl_ss_pos_mean_mm": 0.00011400019209571697,
  "dl_ss_pos_max_mm": 0.002217178240145498,
  "dl_ss_ori_mean_deg": 0.0002544573842937616,
  "dl_ss_ori_max_deg": 0.0029182113768659603,
  "w_min": 0.029927093360227582,
  "w_max": 0.10699420085734249,
  "w_mean": 0.058445221228274676,
  "w_min_idx": 468,
  "w_min_arc": 0.4683795954629058,
  "cond_mean": 11.47463713360395,
  "cond_max": 21.73107918687248,
  "cond_min": 8.144514135896843,
  "ns_red_pct": 13.330242953016413,
  "n_low_manip_04": 205,
  "flange_deg": 44.99999799924125,
  "flange_yaw_deg": -44.99999799924117,
  "convergence_waypoints": 50
}